"filename", "language", "AL", "HTTP", "JSON with Comments", "JSON", "Markdown", "alapp", "XML", "Batch", "comment", "blank", "total"
"c:\Users\jh\OneDrive - Scanpan\Scanpan (7.1.2015)\Development\SCANPAN Internal CodeBase - BC_TEST\CombineAllToOneFile.cmd", "Batch", 0, 0, 0, 0, 0, 0, 0, 11, 5, 7, 23
"c:\Users\jh\OneDrive - Scanpan\Scanpan (7.1.2015)\Development\SCANPAN Internal CodeBase - BC_TEST\GeneratedPermission.permissionset.al", "AL", 127, 0, 0, 0, 0, 0, 0, 0, 7, 3, 137
"c:\Users\jh\OneDrive - Scanpan\Scanpan (7.1.2015)\Development\SCANPAN Internal CodeBase - BC_TEST\README.md", "Markdown", 0, 0, 0, 0, 1, 0, 0, 0, 0, 2, 3
"c:\Users\jh\OneDrive - Scanpan\Scanpan (7.1.2015)\Development\SCANPAN Internal CodeBase - BC_TEST\SCANPAN Internal CodeBase - BC_TEST.code-workspace", "JSON with Comments", 0, 0, 8, 0, 0, 0, 0, 0, 0, 0, 8
"c:\Users\jh\OneDrive - Scanpan\Scanpan (7.1.2015)\Development\SCANPAN Internal CodeBase - BC_TEST\SCANPAN_SCANPAN CODEBASE Internal Development_1.0.24.10311251.app", "alapp", 0, 0, 0, 0, 0, 6742, 0, 0, 0, 44, 6786
"c:\Users\jh\OneDrive - Scanpan\Scanpan (7.1.2015)\Development\SCANPAN Internal CodeBase - BC_TEST\SCANPAN_SCANPAN CODEBASE Internal Development_1.0.25.2200759.app", "alapp", 0, 0, 0, 0, 0, 6735, 0, 0, 0, 42, 6777
"c:\Users\jh\OneDrive - Scanpan\Scanpan (7.1.2015)\Development\SCANPAN Internal CodeBase - BC_TEST\SCANPAN_SCANPAN CODEBASE Internal Development_1.0.25.3030910.app", "alapp", 0, 0, 0, 0, 0, 6684, 0, 0, 0, 41, 6725
"c:\Users\jh\OneDrive - Scanpan\Scanpan (7.1.2015)\Development\SCANPAN Internal CodeBase - BC_TEST\SCANPAN_SCANPAN CODEBASE Internal Development_1.0.25.3041305.app", "alapp", 0, 0, 0, 0, 0, 6848, 0, 0, 0, 35, 6883
"c:\Users\jh\OneDrive - Scanpan\Scanpan (7.1.2015)\Development\SCANPAN Internal CodeBase - BC_TEST\SCANPAN_SCANPAN CODEBASE Internal Development_1.0.25.3071326.app", "alapp", 0, 0, 0, 0, 0, 6854, 0, 0, 0, 33, 6887
"c:\Users\jh\OneDrive - Scanpan\Scanpan (7.1.2015)\Development\SCANPAN Internal CodeBase - BC_TEST\SCANPAN_SCANPAN CODEBASE Internal Development_1.0.25.5071425.app", "alapp", 0, 0, 0, 0, 0, 6919, 0, 0, 0, 33, 6952
"c:\Users\jh\OneDrive - Scanpan\Scanpan (7.1.2015)\Development\SCANPAN Internal CodeBase - BC_TEST\app.json", "JSON", 0, 0, 0, 132, 0, 0, 0, 0, 0, 0, 132
"c:\Users\jh\OneDrive - Scanpan\Scanpan (7.1.2015)\Development\SCANPAN Internal CodeBase - BC_TEST\docs\info.json", "JSON", 0, 0, 0, 10, 0, 0, 0, 0, 0, 0, 10
"c:\Users\jh\OneDrive - Scanpan\Scanpan (7.1.2015)\Development\SCANPAN Internal CodeBase - BC_TEST\src\codeunit\ChartBuilder.Codeunit.al", "AL", 477, 0, 0, 0, 0, 0, 0, 0, 104, 109, 690
"c:\Users\jh\OneDrive - Scanpan\Scanpan (7.1.2015)\Development\SCANPAN Internal CodeBase - BC_TEST\src\codeunit\CompanyTestDetection.Codeunit.al", "AL", 22, 0, 0, 0, 0, 0, 0, 0, 9, 12, 43
"c:\Users\jh\OneDrive - Scanpan\Scanpan (7.1.2015)\Development\SCANPAN Internal CodeBase - BC_TEST\src\codeunit\DSVAPI.Codeunit.al", "AL", 368, 0, 0, 0, 0, 0, 0, 0, 302, 97, 767
"c:\Users\jh\OneDrive - Scanpan\Scanpan (7.1.2015)\Development\SCANPAN Internal CodeBase - BC_TEST\src\codeunit\DeleteBackOrders.Codeunit.al", "AL", 21, 0, 0, 0, 0, 0, 0, 0, 0, 3, 24
"c:\Users\jh\OneDrive - Scanpan\Scanpan (7.1.2015)\Development\SCANPAN Internal CodeBase - BC_TEST\src\codeunit\JSONMethods.Codeunit.al", "AL", 20, 0, 0, 0, 0, 0, 0, 0, 1, 7, 28
"c:\Users\jh\OneDrive - Scanpan\Scanpan (7.1.2015)\Development\SCANPAN Internal CodeBase - BC_TEST\src\codeunit\LTSautomate.Codeunit.al", "AL", 59, 0, 0, 0, 0, 0, 0, 0, 21, 6, 86
"c:\Users\jh\OneDrive - Scanpan\Scanpan (7.1.2015)\Development\SCANPAN Internal CodeBase - BC_TEST\src\codeunit\OneTimeSetQuantityUpdate.Codeunit.al", "AL", 26, 0, 0, 0, 0, 0, 0, 0, 6, 4, 36
"c:\Users\jh\OneDrive - Scanpan\Scanpan (7.1.2015)\Development\SCANPAN Internal CodeBase - BC_TEST\src\codeunit\PIMimages.Codeunit.al", "AL", 141, 0, 0, 0, 0, 0, 0, 0, 50, 30, 221
"c:\Users\jh\OneDrive - Scanpan\Scanpan (7.1.2015)\Development\SCANPAN Internal CodeBase - BC_TEST\src\codeunit\RecursiveBOMCalculation.Codeunit.al", "AL", 214, 0, 0, 0, 0, 0, 0, 0, 175, 62, 451
"c:\Users\jh\OneDrive - Scanpan\Scanpan (7.1.2015)\Development\SCANPAN Internal CodeBase - BC_TEST\src\codeunit\RestartAllJobqueue.Codeunit.al", "AL", 9, 0, 0, 0, 0, 0, 0, 0, 0, 3, 12
"c:\Users\jh\OneDrive - Scanpan\Scanpan (7.1.2015)\Development\SCANPAN Internal CodeBase - BC_TEST\src\codeunit\SalesComparisonUpdate.Codeunit.al", "AL", 291, 0, 0, 0, 0, 0, 0, 0, 145, 56, 492
"c:\Users\jh\OneDrive - Scanpan\Scanpan (7.1.2015)\Development\SCANPAN Internal CodeBase - BC_TEST\src\codeunit\ScanpanMiscellaneous.Codeunit.al", "AL", 1168, 0, 0, 0, 0, 0, 0, 0, 257, 140, 1565
"c:\Users\jh\OneDrive - Scanpan\Scanpan (7.1.2015)\Development\SCANPAN Internal CodeBase - BC_TEST\src\codeunit\SubscriberCU.Codeunit.al", "AL", 283, 0, 0, 0, 0, 0, 0, 0, 214, 53, 550
"c:\Users\jh\OneDrive - Scanpan\Scanpan (7.1.2015)\Development\SCANPAN Internal CodeBase - BC_TEST\src\codeunit\SubscriberShipmondo.Codeunit.al", "AL", 242, 0, 0, 0, 0, 0, 0, 0, 163, 83, 488
"c:\Users\jh\OneDrive - Scanpan\Scanpan (7.1.2015)\Development\SCANPAN Internal CodeBase - BC_TEST\src\codeunit\TESTCU.Codeunit.al", "AL", 63, 0, 0, 0, 0, 0, 0, 0, 5, 20, 88
"c:\Users\jh\OneDrive - Scanpan\Scanpan (7.1.2015)\Development\SCANPAN Internal CodeBase - BC_TEST\src\enum\AddressTypes.Enum.al", "AL", 16, 0, 0, 0, 0, 0, 0, 0, 6, 5, 27
"c:\Users\jh\OneDrive - Scanpan\Scanpan (7.1.2015)\Development\SCANPAN Internal CodeBase - BC_TEST\src\enum\CampaignStatisticsDocTypes.Enum.al", "AL", 16, 0, 0, 0, 0, 0, 0, 0, 6, 3, 25
"c:\Users\jh\OneDrive - Scanpan\Scanpan (7.1.2015)\Development\SCANPAN Internal CodeBase - BC_TEST\src\enum\CountryMarketType.Enum.al", "AL", 21, 0, 0, 0, 0, 0, 0, 0, 3, 5, 29
"c:\Users\jh\OneDrive - Scanpan\Scanpan (7.1.2015)\Development\SCANPAN Internal CodeBase - BC_TEST\src\enum\CountrySalesChannelEnum.Enum.al", "AL", 21, 0, 0, 0, 0, 0, 0, 0, 3, 5, 29
"c:\Users\jh\OneDrive - Scanpan\Scanpan (7.1.2015)\Development\SCANPAN Internal CodeBase - BC_TEST\src\enum\DSVOrderState.Enum.al", "AL", 33, 0, 0, 0, 0, 0, 0, 0, 3, 8, 44
"c:\Users\jh\OneDrive - Scanpan\Scanpan (7.1.2015)\Development\SCANPAN Internal CodeBase - BC_TEST\src\enum\DSVShipmentState.Enum.al", "AL", 20, 0, 0, 0, 0, 0, 0, 0, 3, 7, 30
"c:\Users\jh\OneDrive - Scanpan\Scanpan (7.1.2015)\Development\SCANPAN Internal CodeBase - BC_TEST\src\enum\DSVTransportMode.Enum.al", "AL", 19, 0, 0, 0, 0, 0, 0, 0, 6, 7, 32
"c:\Users\jh\OneDrive - Scanpan\Scanpan (7.1.2015)\Development\SCANPAN Internal CodeBase - BC_TEST\src\enum\DSVeDCOrderStates.Enum.al", "AL", 26, 0, 0, 0, 0, 0, 0, 0, 3, 8, 37
"c:\Users\jh\OneDrive - Scanpan\Scanpan (7.1.2015)\Development\SCANPAN Internal CodeBase - BC_TEST\src\enum\EnumChartDataType.Enum.al", "AL", 20, 0, 0, 0, 0, 0, 0, 0, 3, 8, 31
"c:\Users\jh\OneDrive - Scanpan\Scanpan (7.1.2015)\Development\SCANPAN Internal CodeBase - BC_TEST\src\enum\EnumControllingDocuments.Enum.al", "AL", 16, 0, 0, 0, 0, 0, 0, 0, 8, 1, 25
"c:\Users\jh\OneDrive - Scanpan\Scanpan (7.1.2015)\Development\SCANPAN Internal CodeBase - BC_TEST\src\enum\EnumGetBOMDetails.Enum.al", "AL", 12, 0, 0, 0, 0, 0, 0, 0, 9, 6, 27
"c:\Users\jh\OneDrive - Scanpan\Scanpan (7.1.2015)\Development\SCANPAN Internal CodeBase - BC_TEST\src\enum\EnumGetCoatingDescription.Enum.al", "AL", 12, 0, 0, 0, 0, 0, 0, 0, 1, 7, 20
"c:\Users\jh\OneDrive - Scanpan\Scanpan (7.1.2015)\Development\SCANPAN Internal CodeBase - BC_TEST\src\enum\EnumGetItem.Enum.al", "AL", 16, 0, 0, 0, 0, 0, 0, 0, 8, 7, 31
"c:\Users\jh\OneDrive - Scanpan\Scanpan (7.1.2015)\Development\SCANPAN Internal CodeBase - BC_TEST\src\enum\EnumGetItemPurchasePrice.Enum.al", "AL", 13, 0, 0, 0, 0, 0, 0, 0, 8, 7, 28
"c:\Users\jh\OneDrive - Scanpan\Scanpan (7.1.2015)\Development\SCANPAN Internal CodeBase - BC_TEST\src\enum\EnumItemBodyType.Enum.al", "AL", 24, 0, 0, 0, 0, 0, 0, 0, 3, 5, 32
"c:\Users\jh\OneDrive - Scanpan\Scanpan (7.1.2015)\Development\SCANPAN Internal CodeBase - BC_TEST\src\enum\EnumItemReferenceTypes.Enum.al", "AL", 13, 0, 0, 0, 0, 0, 0, 0, 8, 5, 26
"c:\Users\jh\OneDrive - Scanpan\Scanpan (7.1.2015)\Development\SCANPAN Internal CodeBase - BC_TEST\src\enum\EnumItemUnitOfMeasure.Enum.al", "AL", 16, 0, 0, 0, 0, 0, 0, 0, 3, 4, 23
"c:\Users\jh\OneDrive - Scanpan\Scanpan (7.1.2015)\Development\SCANPAN Internal CodeBase - BC_TEST\src\enum\EnumItemUnitOfMeasureCode.Enum.al", "AL", 12, 0, 0, 0, 0, 0, 0, 0, 3, 2, 17
"c:\Users\jh\OneDrive - Scanpan\Scanpan (7.1.2015)\Development\SCANPAN Internal CodeBase - BC_TEST\src\enum\EnumLogicalOperator.Enum.al", "AL", 13, 0, 0, 0, 0, 0, 0, 0, 8, 8, 29
"c:\Users\jh\OneDrive - Scanpan\Scanpan (7.1.2015)\Development\SCANPAN Internal CodeBase - BC_TEST\src\enum\EnumPostedDocumentType.Enum.al", "AL", 12, 0, 0, 0, 0, 0, 0, 0, 6, 2, 20
"c:\Users\jh\OneDrive - Scanpan\Scanpan (7.1.2015)\Development\SCANPAN Internal CodeBase - BC_TEST\src\enum\EnumProductionDateSelection.Enum.al", "AL", 12, 0, 0, 0, 0, 0, 0, 0, 5, 6, 23
"c:\Users\jh\OneDrive - Scanpan\Scanpan (7.1.2015)\Development\SCANPAN Internal CodeBase - BC_TEST\src\enum\EnumProductionOrderStatus.Enum.al", "AL", 29, 0, 0, 0, 0, 0, 0, 0, 9, 8, 46
"c:\Users\jh\OneDrive - Scanpan\Scanpan (7.1.2015)\Development\SCANPAN Internal CodeBase - BC_TEST\src\enum\EnumTableType.Enum.al", "AL", 17, 0, 0, 0, 0, 0, 0, 0, 9, 10, 36
"c:\Users\jh\OneDrive - Scanpan\Scanpan (7.1.2015)\Development\SCANPAN Internal CodeBase - BC_TEST\src\enum\PeriodType.Enum.al", "AL", 24, 0, 0, 0, 0, 0, 0, 0, 6, 7, 37
"c:\Users\jh\OneDrive - Scanpan\Scanpan (7.1.2015)\Development\SCANPAN Internal CodeBase - BC_TEST\src\http\DSVAPIGetOrder.REST_http.http", "HTTP", 0, 7, 0, 0, 0, 0, 0, 0, 0, 11, 18
"c:\Users\jh\OneDrive - Scanpan\Scanpan (7.1.2015)\Development\SCANPAN Internal CodeBase - BC_TEST\src\http\DSVAPIOrders.REST_http.http", "HTTP", 0, 253, 0, 0, 0, 0, 0, 0, 0, 8, 261
"c:\Users\jh\OneDrive - Scanpan\Scanpan (7.1.2015)\Development\SCANPAN Internal CodeBase - BC_TEST\src\http\DSVAPISearch.REST_http.http", "HTTP", 0, 11, 0, 0, 0, 0, 0, 0, 0, 10, 21
"c:\Users\jh\OneDrive - Scanpan\Scanpan (7.1.2015)\Development\SCANPAN Internal CodeBase - BC_TEST\src\http\MYL-RestAPI.rest", "HTTP", 0, 34, 0, 0, 0, 0, 0, 0, 8, 4, 46
"c:\Users\jh\OneDrive - Scanpan\Scanpan (7.1.2015)\Development\SCANPAN Internal CodeBase - BC_TEST\src\http\REST_http.http", "HTTP", 0, 24, 0, 0, 0, 0, 0, 0, 0, 7, 31
"c:\Users\jh\OneDrive - Scanpan\Scanpan (7.1.2015)\Development\SCANPAN Internal CodeBase - BC_TEST\src\page ext factbox\ItemPlanningFactBox.PageExt.al", "AL", 14, 0, 0, 0, 0, 0, 0, 0, 3, 5, 22
"c:\Users\jh\OneDrive - Scanpan\Scanpan (7.1.2015)\Development\SCANPAN Internal CodeBase - BC_TEST\src\page ext factbox\SalesLineFactBox.PageExt.al", "AL", 51, 0, 0, 0, 0, 0, 0, 0, 10, 8, 69
"c:\Users\jh\OneDrive - Scanpan\Scanpan (7.1.2015)\Development\SCANPAN Internal CodeBase - BC_TEST\src\page ext\BankAccountLedgerEntriesExtSC.PageExt.al", "AL", 15, 0, 0, 0, 0, 0, 0, 0, 7, 1, 23
"c:\Users\jh\OneDrive - Scanpan\Scanpan (7.1.2015)\Development\SCANPAN Internal CodeBase - BC_TEST\src\page ext\BinContentsExtSC.PageExt.al", "AL", 116, 0, 0, 0, 0, 0, 0, 0, 9, 15, 140
"c:\Users\jh\OneDrive - Scanpan\Scanpan (7.1.2015)\Development\SCANPAN Internal CodeBase - BC_TEST\src\page ext\CDOEMailRecipientsExtSC.PageExt.al", "AL", 23, 0, 0, 0, 0, 0, 0, 0, 3, 4, 30
"c:\Users\jh\OneDrive - Scanpan\Scanpan (7.1.2015)\Development\SCANPAN Internal CodeBase - BC_TEST\src\page ext\CDOUnhandledPurchaseOrderExtSC.PageExt.al", "AL", 19, 0, 0, 0, 0, 0, 0, 0, 10, 3, 32
"c:\Users\jh\OneDrive - Scanpan\Scanpan (7.1.2015)\Development\SCANPAN Internal CodeBase - BC_TEST\src\page ext\CampaignCard.PageExt.al", "AL", 16, 0, 0, 0, 0, 0, 0, 0, 11, 6, 33
"c:\Users\jh\OneDrive - Scanpan\Scanpan (7.1.2015)\Development\SCANPAN Internal CodeBase - BC_TEST\src\page ext\CampaignListExtSC.PageExt.al", "AL", 23, 0, 0, 0, 0, 0, 0, 0, 12, 4, 39
"c:\Users\jh\OneDrive - Scanpan\Scanpan (7.1.2015)\Development\SCANPAN Internal CodeBase - BC_TEST\src\page ext\CapacityLedgerEntries.PageExt.al", "AL", 19, 0, 0, 0, 0, 0, 0, 0, 3, 6, 28
"c:\Users\jh\OneDrive - Scanpan\Scanpan (7.1.2015)\Development\SCANPAN Internal CodeBase - BC_TEST\src\page ext\ChangeLogEntries.PageExt.al", "AL", 19, 0, 0, 0, 0, 0, 0, 0, 3, 5, 27
"c:\Users\jh\OneDrive - Scanpan\Scanpan (7.1.2015)\Development\SCANPAN Internal CodeBase - BC_TEST\src\page ext\CountryRegions.PageExt.al", "AL", 24, 0, 0, 0, 0, 0, 0, 0, 4, 5, 33
"c:\Users\jh\OneDrive - Scanpan\Scanpan (7.1.2015)\Development\SCANPAN Internal CodeBase - BC_TEST\src\page ext\CustomerCard.PageExt.al", "AL", 73, 0, 0, 0, 0, 0, 0, 0, 14, 14, 101
"c:\Users\jh\OneDrive - Scanpan\Scanpan (7.1.2015)\Development\SCANPAN Internal CodeBase - BC_TEST\src\page ext\CustomerList.PageExt.al", "AL", 39, 0, 0, 0, 0, 0, 0, 0, 11, 7, 57
"c:\Users\jh\OneDrive - Scanpan\Scanpan (7.1.2015)\Development\SCANPAN Internal CodeBase - BC_TEST\src\page ext\CustomerLookupExtSC.PageExt.al", "AL", 10, 0, 0, 0, 0, 0, 0, 0, 12, 8, 30
"c:\Users\jh\OneDrive - Scanpan\Scanpan (7.1.2015)\Development\SCANPAN Internal CodeBase - BC_TEST\src\page ext\DefaultDimensions.PageExt.al", "AL", 14, 0, 0, 0, 0, 0, 0, 0, 2, 3, 19
"c:\Users\jh\OneDrive - Scanpan\Scanpan (7.1.2015)\Development\SCANPAN Internal CodeBase - BC_TEST\src\page ext\EmployeeQualifications.PageExt.al", "AL", 15, 0, 0, 0, 0, 0, 0, 0, 0, 12, 27
"c:\Users\jh\OneDrive - Scanpan\Scanpan (7.1.2015)\Development\SCANPAN Internal CodeBase - BC_TEST\src\page ext\FinishedProductionOrders.PageExt.al", "AL", 30, 0, 0, 0, 0, 0, 0, 0, 3, 7, 40
"c:\Users\jh\OneDrive - Scanpan\Scanpan (7.1.2015)\Development\SCANPAN Internal CodeBase - BC_TEST\src\page ext\FirmPlannedProdOrder.PageExt.al", "AL", 17, 0, 0, 0, 0, 0, 0, 0, 3, 6, 26
"c:\Users\jh\OneDrive - Scanpan\Scanpan (7.1.2015)\Development\SCANPAN Internal CodeBase - BC_TEST\src\page ext\FirmPlannedProdOrderLines.PageExt.al", "AL", 19, 0, 0, 0, 0, 0, 0, 0, 0, 6, 25
"c:\Users\jh\OneDrive - Scanpan\Scanpan (7.1.2015)\Development\SCANPAN Internal CodeBase - BC_TEST\src\page ext\FirmPlannedProdOrders.PageExt.al", "AL", 14, 0, 0, 0, 0, 0, 0, 0, 3, 5, 22
"c:\Users\jh\OneDrive - Scanpan\Scanpan (7.1.2015)\Development\SCANPAN Internal CodeBase - BC_TEST\src\page ext\FixedAssetCard.PageExt.al", "AL", 14, 0, 0, 0, 0, 0, 0, 0, 3, 5, 22
"c:\Users\jh\OneDrive - Scanpan\Scanpan (7.1.2015)\Development\SCANPAN Internal CodeBase - BC_TEST\src\page ext\ForNAVReports.PageExt.al", "AL", 7, 0, 0, 0, 0, 0, 0, 0, 9, 5, 21
"c:\Users\jh\OneDrive - Scanpan\Scanpan (7.1.2015)\Development\SCANPAN Internal CodeBase - BC_TEST\src\page ext\GeneralJournalExtSC.PageExt.al", "AL", 41, 0, 0, 0, 0, 0, 0, 0, 3, 7, 51
"c:\Users\jh\OneDrive - Scanpan\Scanpan (7.1.2015)\Development\SCANPAN Internal CodeBase - BC_TEST\src\page ext\GeneralLedgerEntries.PageExt.al", "AL", 13, 0, 0, 0, 0, 0, 0, 0, 0, 4, 17
"c:\Users\jh\OneDrive - Scanpan\Scanpan (7.1.2015)\Development\SCANPAN Internal CodeBase - BC_TEST\src\page ext\GetShipmentLines.PageExt.al", "AL", 94, 0, 0, 0, 0, 0, 0, 0, 15, 12, 121
"c:\Users\jh\OneDrive - Scanpan\Scanpan (7.1.2015)\Development\SCANPAN Internal CodeBase - BC_TEST\src\page ext\IDYSTranspOrderLstExtSC.PageExt.al", "AL", 0, 0, 0, 0, 0, 0, 0, 0, 31, 3, 34
"c:\Users\jh\OneDrive - Scanpan\Scanpan (7.1.2015)\Development\SCANPAN Internal CodeBase - BC_TEST\src\page ext\IDYSTransportOrderCard.PageExt.al", "AL", 0, 0, 0, 0, 0, 0, 0, 0, 41, 3, 44
"c:\Users\jh\OneDrive - Scanpan\Scanpan (7.1.2015)\Development\SCANPAN Internal CodeBase - BC_TEST\src\page ext\IDYSTransportOrderLines.PageExt.al", "AL", 0, 0, 0, 0, 0, 0, 0, 0, 19, 2, 21
"c:\Users\jh\OneDrive - Scanpan\Scanpan (7.1.2015)\Development\SCANPAN Internal CodeBase - BC_TEST\src\page ext\ITIIICDocumentLogEntriesExtSC.PageExt.al", "AL", 19, 0, 0, 0, 0, 0, 0, 0, 9, 3, 31
"c:\Users\jh\OneDrive - Scanpan\Scanpan (7.1.2015)\Development\SCANPAN Internal CodeBase - BC_TEST\src\page ext\InventorySetup.PageExt.al", "AL", 66, 0, 0, 0, 0, 0, 0, 0, 9, 3, 78
"c:\Users\jh\OneDrive - Scanpan\Scanpan (7.1.2015)\Development\SCANPAN Internal CodeBase - BC_TEST\src\page ext\InvtReceipts.PageExt.al", "AL", 8, 0, 0, 0, 0, 0, 0, 0, 0, 6, 14
"c:\Users\jh\OneDrive - Scanpan\Scanpan (7.1.2015)\Development\SCANPAN Internal CodeBase - BC_TEST\src\page ext\ItemAvailabilityByEvent.PageExt.al", "AL", 22, 0, 0, 0, 0, 0, 0, 0, 8, 13, 43
"c:\Users\jh\OneDrive - Scanpan\Scanpan (7.1.2015)\Development\SCANPAN Internal CodeBase - BC_TEST\src\page ext\ItemCard.PageExt.al", "AL", 119, 0, 0, 0, 0, 0, 0, 0, 5, 8, 132
"c:\Users\jh\OneDrive - Scanpan\Scanpan (7.1.2015)\Development\SCANPAN Internal CodeBase - BC_TEST\src\page ext\ItemCrossReferenceEntries.PageExt.al", "AL", 12, 0, 0, 0, 0, 0, 0, 0, 3, 8, 23
"c:\Users\jh\OneDrive - Scanpan\Scanpan (7.1.2015)\Development\SCANPAN Internal CodeBase - BC_TEST\src\page ext\ItemJournalExtSC.PageExt.al", "AL", 23, 0, 0, 0, 0, 0, 0, 0, 9, 5, 37
"c:\Users\jh\OneDrive - Scanpan\Scanpan (7.1.2015)\Development\SCANPAN Internal CodeBase - BC_TEST\src\page ext\ItemList.PageExt.al", "AL", 179, 0, 0, 0, 0, 0, 0, 0, 29, 22, 230
"c:\Users\jh\OneDrive - Scanpan\Scanpan (7.1.2015)\Development\SCANPAN Internal CodeBase - BC_TEST\src\page ext\ItemLookupExtSC.PageExt.al", "AL", 13, 0, 0, 0, 0, 0, 0, 0, 9, 10, 32
"c:\Users\jh\OneDrive - Scanpan\Scanpan (7.1.2015)\Development\SCANPAN Internal CodeBase - BC_TEST\src\page ext\ItemPictureExtSC.PageExt.al", "AL", 24, 0, 0, 0, 0, 0, 0, 0, 10, 5, 39
"c:\Users\jh\OneDrive - Scanpan\Scanpan (7.1.2015)\Development\SCANPAN Internal CodeBase - BC_TEST\src\page ext\ItemReclassJournalExtSC.PageExt.al", "AL", 8, 0, 0, 0, 0, 0, 0, 0, 9, 4, 21
"c:\Users\jh\OneDrive - Scanpan\Scanpan (7.1.2015)\Development\SCANPAN Internal CodeBase - BC_TEST\src\page ext\ItemReferenceEntries.PageExt.al", "AL", 7, 0, 0, 0, 0, 0, 0, 0, 9, 5, 21
"c:\Users\jh\OneDrive - Scanpan\Scanpan (7.1.2015)\Development\SCANPAN Internal CodeBase - BC_TEST\src\page ext\JobQueueEntry.PageExt.al", "AL", 85, 0, 0, 0, 0, 0, 0, 0, 39, 15, 139
"c:\Users\jh\OneDrive - Scanpan\Scanpan (7.1.2015)\Development\SCANPAN Internal CodeBase - BC_TEST\src\page ext\MOBMobileWMSPackageSetup.PageExt.al", "AL", 14, 0, 0, 0, 0, 0, 0, 0, 5, 5, 24
"c:\Users\jh\OneDrive - Scanpan\Scanpan (7.1.2015)\Development\SCANPAN Internal CodeBase - BC_TEST\src\page ext\MOSLicensePlateContentExtSC.PageExt.al", "AL", 0, 0, 0, 0, 0, 0, 0, 0, 30, 5, 35
"c:\Users\jh\OneDrive - Scanpan\Scanpan (7.1.2015)\Development\SCANPAN Internal CodeBase - BC_TEST\src\page ext\MachineCenterTaskList.PageExt.al", "AL", 21, 0, 0, 0, 0, 0, 0, 0, 0, 6, 27
"c:\Users\jh\OneDrive - Scanpan\Scanpan (7.1.2015)\Development\SCANPAN Internal CodeBase - BC_TEST\src\page ext\NOTOTransferOrderLinesExtSC.PageExt.al", "AL", 29, 0, 0, 0, 0, 0, 0, 0, 3, 6, 38
"c:\Users\jh\OneDrive - Scanpan\Scanpan (7.1.2015)\Development\SCANPAN Internal CodeBase - BC_TEST\src\page ext\OutputJournalExtSC.PageExt.al", "AL", 12, 0, 0, 0, 0, 0, 0, 0, 9, 5, 26
"c:\Users\jh\OneDrive - Scanpan\Scanpan (7.1.2015)\Development\SCANPAN Internal CodeBase - BC_TEST\src\page ext\PhysInventoryJournal.PageExt.al", "AL", 54, 0, 0, 0, 0, 0, 0, 0, 9, 12, 75
"c:\Users\jh\OneDrive - Scanpan\Scanpan (7.1.2015)\Development\SCANPAN Internal CodeBase - BC_TEST\src\page ext\PlanningWorksheet.PageExt.al", "AL", 66, 0, 0, 0, 0, 0, 0, 0, 4, 10, 80
"c:\Users\jh\OneDrive - Scanpan\Scanpan (7.1.2015)\Development\SCANPAN Internal CodeBase - BC_TEST\src\page ext\PostedInvtShipments.PageExt.al", "AL", 4, 0, 0, 0, 0, 0, 0, 0, 3, 4, 11
"c:\Users\jh\OneDrive - Scanpan\Scanpan (7.1.2015)\Development\SCANPAN Internal CodeBase - BC_TEST\src\page ext\PostedPurchaseInvoices.PageExt.al", "AL", 28, 0, 0, 0, 0, 0, 0, 0, 3, 4, 35
"c:\Users\jh\OneDrive - Scanpan\Scanpan (7.1.2015)\Development\SCANPAN Internal CodeBase - BC_TEST\src\page ext\PostedSalesInvoice.PageExt.al", "AL", 71, 0, 0, 0, 0, 0, 0, 0, 11, 3, 85
"c:\Users\jh\OneDrive - Scanpan\Scanpan (7.1.2015)\Development\SCANPAN Internal CodeBase - BC_TEST\src\page ext\PostedSalesInvoiceSubform.PageExt.al", "AL", 39, 0, 0, 0, 0, 0, 0, 0, 6, 6, 51
"c:\Users\jh\OneDrive - Scanpan\Scanpan (7.1.2015)\Development\SCANPAN Internal CodeBase - BC_TEST\src\page ext\PostedSalesInvoices.PageExt.al", "AL", 40, 0, 0, 0, 0, 0, 0, 0, 10, 7, 57
"c:\Users\jh\OneDrive - Scanpan\Scanpan (7.1.2015)\Development\SCANPAN Internal CodeBase - BC_TEST\src\page ext\PostedSalesShipment.PageExt.al", "AL", 0, 0, 0, 0, 0, 0, 0, 0, 51, 2, 53
"c:\Users\jh\OneDrive - Scanpan\Scanpan (7.1.2015)\Development\SCANPAN Internal CodeBase - BC_TEST\src\page ext\PostedSalesShipments.PageExt.al", "AL", 46, 0, 0, 0, 0, 0, 0, 0, 40, 13, 99
"c:\Users\jh\OneDrive - Scanpan\Scanpan (7.1.2015)\Development\SCANPAN Internal CodeBase - BC_TEST\src\page ext\PostedSalesShptSubform.PageExt.al", "AL", 9, 0, 0, 0, 0, 0, 0, 0, 15, 7, 31
"c:\Users\jh\OneDrive - Scanpan\Scanpan (7.1.2015)\Development\SCANPAN Internal CodeBase - BC_TEST\src\page ext\PostedWhseShipment.PageExt.al", "AL", 16, 0, 0, 0, 0, 0, 0, 0, 8, 7, 31
"c:\Users\jh\OneDrive - Scanpan\Scanpan (7.1.2015)\Development\SCANPAN Internal CodeBase - BC_TEST\src\page ext\PostedWhseShipmentList.PageExt.al", "AL", 22, 0, 0, 0, 0, 0, 0, 0, 8, 6, 36
"c:\Users\jh\OneDrive - Scanpan\Scanpan (7.1.2015)\Development\SCANPAN Internal CodeBase - BC_TEST\src\page ext\PostedWhseShipmentSubform.PageExt.al", "AL", 16, 0, 0, 0, 0, 0, 0, 0, 6, 9, 31
"c:\Users\jh\OneDrive - Scanpan\Scanpan (7.1.2015)\Development\SCANPAN Internal CodeBase - BC_TEST\src\page ext\PriceListLineReview.PageExt.al", "AL", 7, 0, 0, 0, 0, 0, 0, 0, 11, 4, 22
"c:\Users\jh\OneDrive - Scanpan\Scanpan (7.1.2015)\Development\SCANPAN Internal CodeBase - BC_TEST\src\page ext\PriceListLinesExtSC.PageExt.al", "AL", 21, 0, 0, 0, 0, 0, 0, 0, 9, 6, 36
"c:\Users\jh\OneDrive - Scanpan\Scanpan (7.1.2015)\Development\SCANPAN Internal CodeBase - BC_TEST\src\page ext\ProdBOMWhereUsed.PageExt.al", "AL", 141, 0, 0, 0, 0, 0, 0, 0, 36, 25, 202
"c:\Users\jh\OneDrive - Scanpan\Scanpan (7.1.2015)\Development\SCANPAN Internal CodeBase - BC_TEST\src\page ext\ProdOrderCommentSheet.PageExt.al", "AL", 13, 0, 0, 0, 0, 0, 0, 0, 0, 4, 17
"c:\Users\jh\OneDrive - Scanpan\Scanpan (7.1.2015)\Development\SCANPAN Internal CodeBase - BC_TEST\src\page ext\ProdOrderComponents.PageExt.al", "AL", 30, 0, 0, 0, 0, 0, 0, 0, 3, 9, 42
"c:\Users\jh\OneDrive - Scanpan\Scanpan (7.1.2015)\Development\SCANPAN Internal CodeBase - BC_TEST\src\page ext\ProdOrderLineList.PageExt.al", "AL", 13, 0, 0, 0, 0, 0, 0, 0, 0, 1, 14
"c:\Users\jh\OneDrive - Scanpan\Scanpan (7.1.2015)\Development\SCANPAN Internal CodeBase - BC_TEST\src\page ext\ProdOrderRouting.PageExt.al", "AL", 69, 0, 0, 0, 0, 0, 0, 0, 3, 7, 79
"c:\Users\jh\OneDrive - Scanpan\Scanpan (7.1.2015)\Development\SCANPAN Internal CodeBase - BC_TEST\src\page ext\ProductionBOMLines.PageExt.al", "AL", 19, 0, 0, 0, 0, 0, 0, 0, 0, 5, 24
"c:\Users\jh\OneDrive - Scanpan\Scanpan (7.1.2015)\Development\SCANPAN Internal CodeBase - BC_TEST\src\page ext\ProductionBOMList.PageExt.al", "AL", 19, 0, 0, 0, 0, 0, 0, 0, 3, 3, 25
"c:\Users\jh\OneDrive - Scanpan\Scanpan (7.1.2015)\Development\SCANPAN Internal CodeBase - BC_TEST\src\page ext\ProductionJournalExtSC.PageExt.al", "AL", 27, 0, 0, 0, 0, 0, 0, 0, 3, 11, 41
"c:\Users\jh\OneDrive - Scanpan\Scanpan (7.1.2015)\Development\SCANPAN Internal CodeBase - BC_TEST\src\page ext\PuhCrMemoSubform.PageExt.al", "AL", 29, 0, 0, 0, 0, 0, 0, 0, 3, 5, 37
"c:\Users\jh\OneDrive - Scanpan\Scanpan (7.1.2015)\Development\SCANPAN Internal CodeBase - BC_TEST\src\page ext\PurchInvoiceSubform.PageExt.al", "AL", 52, 0, 0, 0, 0, 0, 0, 0, 3, 4, 59
"c:\Users\jh\OneDrive - Scanpan\Scanpan (7.1.2015)\Development\SCANPAN Internal CodeBase - BC_TEST\src\page ext\PurchaseOrder.PageExt.al", "AL", 68, 0, 0, 0, 0, 0, 0, 0, 6, 5, 79
"c:\Users\jh\OneDrive - Scanpan\Scanpan (7.1.2015)\Development\SCANPAN Internal CodeBase - BC_TEST\src\page ext\PurchaseOrderListExtSC.PageExt.al", "AL", 25, 0, 0, 0, 0, 0, 0, 0, 3, 10, 38
"c:\Users\jh\OneDrive - Scanpan\Scanpan (7.1.2015)\Development\SCANPAN Internal CodeBase - BC_TEST\src\page ext\PurchaseOrderSubform.PageExt.al", "AL", 58, 0, 0, 0, 0, 0, 0, 0, 4, 11, 73
"c:\Users\jh\OneDrive - Scanpan\Scanpan (7.1.2015)\Development\SCANPAN Internal CodeBase - BC_TEST\src\page ext\PurchasePriceListLines.PageExt.al", "AL", 11, 0, 0, 0, 0, 0, 0, 0, 3, 7, 21
"c:\Users\jh\OneDrive - Scanpan\Scanpan (7.1.2015)\Development\SCANPAN Internal CodeBase - BC_TEST\src\page ext\PurchasePriceListsExtSC.PageExt.al", "AL", 14, 0, 0, 0, 0, 0, 0, 0, 3, 6, 23
"c:\Users\jh\OneDrive - Scanpan\Scanpan (7.1.2015)\Development\SCANPAN Internal CodeBase - BC_TEST\src\page ext\ReleasedProdOrderLines.PageExt.al", "AL", 23, 0, 0, 0, 0, 0, 0, 0, 8, 10, 41
"c:\Users\jh\OneDrive - Scanpan\Scanpan (7.1.2015)\Development\SCANPAN Internal CodeBase - BC_TEST\src\page ext\ReleasedProductionOrder.PageExt.al", "AL", 30, 0, 0, 0, 0, 0, 0, 0, 11, 9, 50
"c:\Users\jh\OneDrive - Scanpan\Scanpan (7.1.2015)\Development\SCANPAN Internal CodeBase - BC_TEST\src\page ext\ReleasedProductionOrders.PageExt.al", "AL", 39, 0, 0, 0, 0, 0, 0, 0, 12, 8, 59
"c:\Users\jh\OneDrive - Scanpan\Scanpan (7.1.2015)\Development\SCANPAN Internal CodeBase - BC_TEST\src\page ext\ReqWorksheetExt.PageExt.al", "AL", 76, 0, 0, 0, 0, 0, 0, 0, 11, 15, 102
"c:\Users\jh\OneDrive - Scanpan\Scanpan (7.1.2015)\Development\SCANPAN Internal CodeBase - BC_TEST\src\page ext\RoutingList.PageExt.al", "AL", 22, 0, 0, 0, 0, 0, 0, 0, 4, 6, 32
"c:\Users\jh\OneDrive - Scanpan\Scanpan (7.1.2015)\Development\SCANPAN Internal CodeBase - BC_TEST\src\page ext\RoutingToolsExtSC.PageExt.al", "AL", 7, 0, 0, 0, 0, 0, 0, 0, 9, 2, 18
"c:\Users\jh\OneDrive - Scanpan\Scanpan (7.1.2015)\Development\SCANPAN Internal CodeBase - BC_TEST\src\page ext\SCANPANRoutingLines.PageExt.al", "AL", 8, 0, 0, 0, 0, 0, 0, 0, 3, 8, 19
"c:\Users\jh\OneDrive - Scanpan\Scanpan (7.1.2015)\Development\SCANPAN Internal CodeBase - BC_TEST\src\page ext\SalesCrMemoSubformExt.PageExt.al", "AL", 11, 0, 0, 0, 0, 0, 0, 0, 8, 7, 26
"c:\Users\jh\OneDrive - Scanpan\Scanpan (7.1.2015)\Development\SCANPAN Internal CodeBase - BC_TEST\src\page ext\SalesInvoiceSubformExtSC.PageExt.al", "AL", 70, 0, 0, 0, 0, 0, 0, 0, 9, 9, 88
"c:\Users\jh\OneDrive - Scanpan\Scanpan (7.1.2015)\Development\SCANPAN Internal CodeBase - BC_TEST\src\page ext\SalesLines.PageExt.al", "AL", 14, 0, 0, 0, 0, 0, 0, 0, 3, 4, 21
"c:\Users\jh\OneDrive - Scanpan\Scanpan (7.1.2015)\Development\SCANPAN Internal CodeBase - BC_TEST\src\page ext\SalesOrder.PageExt.al", "AL", 126, 0, 0, 0, 0, 0, 0, 0, 23, 19, 168
"c:\Users\jh\OneDrive - Scanpan\Scanpan (7.1.2015)\Development\SCANPAN Internal CodeBase - BC_TEST\src\page ext\SalesOrderList.PageExt.al", "AL", 63, 0, 0, 0, 0, 0, 0, 0, 20, 19, 102
"c:\Users\jh\OneDrive - Scanpan\Scanpan (7.1.2015)\Development\SCANPAN Internal CodeBase - BC_TEST\src\page ext\SalesOrderSubform.PageExt.al", "AL", 126, 0, 0, 0, 0, 0, 0, 0, 99, 28, 253
"c:\Users\jh\OneDrive - Scanpan\Scanpan (7.1.2015)\Development\SCANPAN Internal CodeBase - BC_TEST\src\page ext\SalesOrders.PageExt.al", "AL", 24, 0, 0, 0, 0, 0, 0, 0, 6, 5, 35
"c:\Users\jh\OneDrive - Scanpan\Scanpan (7.1.2015)\Development\SCANPAN Internal CodeBase - BC_TEST\src\page ext\SalesPriceListsExtSC.PageExt.al", "AL", 54, 0, 0, 0, 0, 0, 0, 0, 24, 10, 88
"c:\Users\jh\OneDrive - Scanpan\Scanpan (7.1.2015)\Development\SCANPAN Internal CodeBase - BC_TEST\src\page ext\SalesReturnOrder.PageExt.al", "AL", 17, 0, 0, 0, 0, 0, 0, 0, 7, 0, 24
"c:\Users\jh\OneDrive - Scanpan\Scanpan (7.1.2015)\Development\SCANPAN Internal CodeBase - BC_TEST\src\page ext\ScanpanSetup.PageExt.al", "AL", 23, 0, 0, 0, 0, 0, 0, 0, 7, 2, 32
"c:\Users\jh\OneDrive - Scanpan\Scanpan (7.1.2015)\Development\SCANPAN Internal CodeBase - BC_TEST\src\page ext\ShippingAgentServices.PageExt.al", "AL", 0, 0, 0, 0, 0, 0, 0, 0, 28, 2, 30
"c:\Users\jh\OneDrive - Scanpan\Scanpan (7.1.2015)\Development\SCANPAN Internal CodeBase - BC_TEST\src\page ext\ShippingAgents.PageExt.al", "AL", 18, 0, 0, 0, 0, 0, 0, 0, 3, 4, 25
"c:\Users\jh\OneDrive - Scanpan\Scanpan (7.1.2015)\Development\SCANPAN Internal CodeBase - BC_TEST\src\page ext\ShopCalendarHolidays.PageExt.al", "AL", 15, 0, 0, 0, 0, 0, 0, 0, 3, 7, 25
"c:\Users\jh\OneDrive - Scanpan\Scanpan (7.1.2015)\Development\SCANPAN Internal CodeBase - BC_TEST\src\page ext\StockkeepingUnitListExtSC.PageExt.al", "AL", 35, 0, 0, 0, 0, 0, 0, 0, 3, 5, 43
"c:\Users\jh\OneDrive - Scanpan\Scanpan (7.1.2015)\Development\SCANPAN Internal CodeBase - BC_TEST\src\page ext\TariffNumbers.PageExt.al", "AL", 14, 0, 0, 0, 0, 0, 0, 0, 6, 4, 24
"c:\Users\jh\OneDrive - Scanpan\Scanpan (7.1.2015)\Development\SCANPAN Internal CodeBase - BC_TEST\src\page ext\TransferOrderSubformExtSC.PageExt.al", "AL", 16, 0, 0, 0, 0, 0, 0, 0, 3, 7, 26
"c:\Users\jh\OneDrive - Scanpan\Scanpan (7.1.2015)\Development\SCANPAN Internal CodeBase - BC_TEST\src\page ext\TransferOrders.PageExt.al", "AL", 14, 0, 0, 0, 0, 0, 0, 0, 3, 5, 22
"c:\Users\jh\OneDrive - Scanpan\Scanpan (7.1.2015)\Development\SCANPAN Internal CodeBase - BC_TEST\src\page ext\TransportOrderLineSub.PageExt.al", "AL", 0, 0, 0, 0, 0, 0, 0, 0, 28, 5, 33
"c:\Users\jh\OneDrive - Scanpan\Scanpan (7.1.2015)\Development\SCANPAN Internal CodeBase - BC_TEST\src\page ext\UserSetup.PageExt.al", "AL", 14, 0, 0, 0, 0, 0, 0, 0, 8, 6, 28
"c:\Users\jh\OneDrive - Scanpan\Scanpan (7.1.2015)\Development\SCANPAN Internal CodeBase - BC_TEST\src\page ext\ValueEntries.PageExt.al", "AL", 14, 0, 0, 0, 0, 0, 0, 0, 3, 5, 22
"c:\Users\jh\OneDrive - Scanpan\Scanpan (7.1.2015)\Development\SCANPAN Internal CodeBase - BC_TEST\src\page ext\VendorCardExtSC.PageExt.al", "AL", 9, 0, 0, 0, 0, 0, 0, 0, 9, 6, 24
"c:\Users\jh\OneDrive - Scanpan\Scanpan (7.1.2015)\Development\SCANPAN Internal CodeBase - BC_TEST\src\page ext\VendorList.PageExt.al", "AL", 24, 0, 0, 0, 0, 0, 0, 0, 4, 5, 33
"c:\Users\jh\OneDrive - Scanpan\Scanpan (7.1.2015)\Development\SCANPAN Internal CodeBase - BC_TEST\src\page ext\WarehouseEmployee.PageExt.al", "AL", 14, 0, 0, 0, 0, 0, 0, 0, 3, 8, 25
"c:\Users\jh\OneDrive - Scanpan\Scanpan (7.1.2015)\Development\SCANPAN Internal CodeBase - BC_TEST\src\page ext\WarehousePicks.PageExt.al", "AL", 48, 0, 0, 0, 0, 0, 0, 0, 9, 7, 64
"c:\Users\jh\OneDrive - Scanpan\Scanpan (7.1.2015)\Development\SCANPAN Internal CodeBase - BC_TEST\src\page ext\WarehouseShipment.PageExt.al", "AL", 19, 0, 0, 0, 0, 0, 0, 0, 20, 6, 45
"c:\Users\jh\OneDrive - Scanpan\Scanpan (7.1.2015)\Development\SCANPAN Internal CodeBase - BC_TEST\src\page ext\WarehouseShipmentList.PageExt.al", "AL", 65, 0, 0, 0, 0, 0, 0, 0, 18, 5, 88
"c:\Users\jh\OneDrive - Scanpan\Scanpan (7.1.2015)\Development\SCANPAN Internal CodeBase - BC_TEST\src\page ext\WhseShipmentLine.PageExt.al", "AL", 7, 0, 0, 0, 0, 0, 0, 0, 7, 4, 18
"c:\Users\jh\OneDrive - Scanpan\Scanpan (7.1.2015)\Development\SCANPAN Internal CodeBase - BC_TEST\src\page ext\WhseShipmentSubformExtSC.PageExt.al", "AL", 27, 0, 0, 0, 0, 0, 0, 0, 9, 3, 39
"c:\Users\jh\OneDrive - Scanpan\Scanpan (7.1.2015)\Development\SCANPAN Internal CodeBase - BC_TEST\src\page ext\XTECSCTrackAndTraceList.PageExt.al", "AL", 13, 0, 0, 0, 0, 0, 0, 0, 6, 9, 28
"c:\Users\jh\OneDrive - Scanpan\Scanpan (7.1.2015)\Development\SCANPAN Internal CodeBase - BC_TEST\src\page part\CommentsFactBox.Page.al", "AL", 27, 0, 0, 0, 0, 0, 0, 0, 36, 7, 70
"c:\Users\jh\OneDrive - Scanpan\Scanpan (7.1.2015)\Development\SCANPAN Internal CodeBase - BC_TEST\src\page part\CustomersOverCreditLimit.Page.al", "AL", 184, 0, 0, 0, 0, 0, 0, 0, 10, 33, 227
"c:\Users\jh\OneDrive - Scanpan\Scanpan (7.1.2015)\Development\SCANPAN Internal CodeBase - BC_TEST\src\page part\SalesCompareAndRealized.Page.al", "AL", 365, 0, 0, 0, 0, 0, 0, 0, 76, 68, 509
"c:\Users\jh\OneDrive - Scanpan\Scanpan (7.1.2015)\Development\SCANPAN Internal CodeBase - BC_TEST\src\page part\ScanpanCardPart.Page.al", "AL", 284, 0, 0, 0, 0, 0, 0, 0, 57, 61, 402
"c:\Users\jh\OneDrive - Scanpan\Scanpan (7.1.2015)\Development\SCANPAN Internal CodeBase - BC_TEST\src\page role\AccountingManagerRoleCenter.PageExt.al", "AL", 28, 0, 0, 0, 0, 0, 0, 0, 17, 5, 50
"c:\Users\jh\OneDrive - Scanpan\Scanpan (7.1.2015)\Development\SCANPAN Internal CodeBase - BC_TEST\src\page role\AdminRoleCenterExtSC.PageExt.al", "AL", 95, 0, 0, 0, 0, 0, 0, 0, 23, 6, 124
"c:\Users\jh\OneDrive - Scanpan\Scanpan (7.1.2015)\Development\SCANPAN Internal CodeBase - BC_TEST\src\page role\ExtSalesRoleCenter.Page.al", "AL", 61, 0, 0, 0, 0, 0, 0, 0, 10, 20, 91
"c:\Users\jh\OneDrive - Scanpan\Scanpan (7.1.2015)\Development\SCANPAN Internal CodeBase - BC_TEST\src\page role\OrderProcessorRoleCenter.PageExt.al", "AL", 177, 0, 0, 0, 0, 0, 0, 0, 17, 6, 200
"c:\Users\jh\OneDrive - Scanpan\Scanpan (7.1.2015)\Development\SCANPAN Internal CodeBase - BC_TEST\src\page role\ProdPlannerRoleCenterExtSC.PageExt.al", "AL", 60, 0, 0, 0, 0, 0, 0, 0, 11, 9, 80
"c:\Users\jh\OneDrive - Scanpan\Scanpan (7.1.2015)\Development\SCANPAN Internal CodeBase - BC_TEST\src\page role\WhseBasicRoleCenter.PageExt.al", "AL", 140, 0, 0, 0, 0, 0, 0, 0, 20, 21, 181
"c:\Users\jh\OneDrive - Scanpan\Scanpan (7.1.2015)\Development\SCANPAN Internal CodeBase - BC_TEST\src\page role\WhseWorkerWMSRoleCenterExtSC.PageExt.al", "AL", 148, 0, 0, 0, 0, 0, 0, 0, 22, 24, 194
"c:\Users\jh\OneDrive - Scanpan\Scanpan (7.1.2015)\Development\SCANPAN Internal CodeBase - BC_TEST\src\page\Addresses.Page.al", "AL", 194, 0, 0, 0, 0, 0, 0, 0, 8, 7, 209
"c:\Users\jh\OneDrive - Scanpan\Scanpan (7.1.2015)\Development\SCANPAN Internal CodeBase - BC_TEST\src\page\AdjustBoMlines.Page.al", "AL", 31, 0, 0, 0, 0, 0, 0, 0, 9, 3, 43
"c:\Users\jh\OneDrive - Scanpan\Scanpan (7.1.2015)\Development\SCANPAN Internal CodeBase - BC_TEST\src\page\BCLICENSEINFORMATIONSC.Page.al", "AL", 53, 0, 0, 0, 0, 0, 0, 0, 14, 6, 73
"c:\Users\jh\OneDrive - Scanpan\Scanpan (7.1.2015)\Development\SCANPAN Internal CodeBase - BC_TEST\src\page\BCLICENSEPERMISSIONSC.Page.al", "AL", 83, 0, 0, 0, 0, 0, 0, 0, 3, 7, 93
"c:\Users\jh\OneDrive - Scanpan\Scanpan (7.1.2015)\Development\SCANPAN Internal CodeBase - BC_TEST\src\page\CDOEMailRecipient.Page.al", "AL", 154, 0, 0, 0, 0, 0, 0, 0, 3, 21, 178
"c:\Users\jh\OneDrive - Scanpan\Scanpan (7.1.2015)\Development\SCANPAN Internal CodeBase - BC_TEST\src\page\CampaignSales.Page.al", "AL", 255, 0, 0, 0, 0, 0, 0, 0, 54, 23, 332
"c:\Users\jh\OneDrive - Scanpan\Scanpan (7.1.2015)\Development\SCANPAN Internal CodeBase - BC_TEST\src\page\CreateMultipleBarcodes.Page.al", "AL", 108, 0, 0, 0, 0, 0, 0, 0, 9, 9, 126
"c:\Users\jh\OneDrive - Scanpan\Scanpan (7.1.2015)\Development\SCANPAN Internal CodeBase - BC_TEST\src\page\DSVAPI.Page.al", "AL", 30, 0, 0, 0, 0, 0, 0, 0, 6, 10, 46
"c:\Users\jh\OneDrive - Scanpan\Scanpan (7.1.2015)\Development\SCANPAN Internal CodeBase - BC_TEST\src\page\ExtSalesCustomerSales.Page.al", "AL", 133, 0, 0, 0, 0, 0, 0, 0, 8, 10, 151
"c:\Users\jh\OneDrive - Scanpan\Scanpan (7.1.2015)\Development\SCANPAN Internal CodeBase - BC_TEST\src\page\ExtSalesItemListSC.Page.al", "AL", 172, 0, 0, 0, 0, 0, 0, 0, 9, 11, 192
"c:\Users\jh\OneDrive - Scanpan\Scanpan (7.1.2015)\Development\SCANPAN Internal CodeBase - BC_TEST\src\page\ExtSalesLinesSC.Page.al", "AL", 438, 0, 0, 0, 0, 0, 0, 0, 36, 32, 506
"c:\Users\jh\OneDrive - Scanpan\Scanpan (7.1.2015)\Development\SCANPAN Internal CodeBase - BC_TEST\src\page\ExtSalesMapSalespersonSC.Page.al", "AL", 35, 0, 0, 0, 0, 0, 0, 0, 9, 10, 54
"c:\Users\jh\OneDrive - Scanpan\Scanpan (7.1.2015)\Development\SCANPAN Internal CodeBase - BC_TEST\src\page\FieldPage.Page.al", "AL", 30, 0, 0, 0, 0, 0, 0, 0, 8, 2, 40
"c:\Users\jh\OneDrive - Scanpan\Scanpan (7.1.2015)\Development\SCANPAN Internal CodeBase - BC_TEST\src\page\IICTrackingBC.Page.al", "AL", 110, 0, 0, 0, 0, 0, 0, 0, 10, 24, 144
"c:\Users\jh\OneDrive - Scanpan\Scanpan (7.1.2015)\Development\SCANPAN Internal CodeBase - BC_TEST\src\page\InventoryJournalStatusSC.Page.al", "AL", 245, 0, 0, 0, 0, 0, 0, 0, 15, 55, 315
"c:\Users\jh\OneDrive - Scanpan\Scanpan (7.1.2015)\Development\SCANPAN Internal CodeBase - BC_TEST\src\page\InventoryMapShelfNoSC.Page.al", "AL", 31, 0, 0, 0, 0, 0, 0, 0, 10, 2, 43
"c:\Users\jh\OneDrive - Scanpan\Scanpan (7.1.2015)\Development\SCANPAN Internal CodeBase - BC_TEST\src\page\InventoryRessources.Page.al", "AL", 25, 0, 0, 0, 0, 0, 0, 0, 10, 7, 42
"c:\Users\jh\OneDrive - Scanpan\Scanpan (7.1.2015)\Development\SCANPAN Internal CodeBase - BC_TEST\src\page\MandatoryFieldSetup.Page.al", "AL", 117, 0, 0, 0, 0, 0, 0, 0, 9, 11, 137
"c:\Users\jh\OneDrive - Scanpan\Scanpan (7.1.2015)\Development\SCANPAN Internal CodeBase - BC_TEST\src\page\PhysInventoryJournalReplace.Page.al", "AL", 68, 0, 0, 0, 0, 0, 0, 0, 7, 9, 84
"c:\Users\jh\OneDrive - Scanpan\Scanpan (7.1.2015)\Development\SCANPAN Internal CodeBase - BC_TEST\src\page\PictureURLDialog.Page.al", "AL", 79, 0, 0, 0, 0, 0, 0, 0, 19, 4, 102
"c:\Users\jh\OneDrive - Scanpan\Scanpan (7.1.2015)\Development\SCANPAN Internal CodeBase - BC_TEST\src\page\PostedPurchaseRcpLines.Page.al", "AL", 219, 0, 0, 0, 0, 0, 0, 0, 5, 24, 248
"c:\Users\jh\OneDrive - Scanpan\Scanpan (7.1.2015)\Development\SCANPAN Internal CodeBase - BC_TEST\src\page\ProdBomLine.Page.al", "AL", 84, 0, 0, 0, 0, 0, 0, 0, 5, 6, 95
"c:\Users\jh\OneDrive - Scanpan\Scanpan (7.1.2015)\Development\SCANPAN Internal CodeBase - BC_TEST\src\page\ProdControlListRoutingLine.Page.al", "AL", 188, 0, 0, 0, 0, 0, 0, 0, 7, 4, 199
"c:\Users\jh\OneDrive - Scanpan\Scanpan (7.1.2015)\Development\SCANPAN Internal CodeBase - BC_TEST\src\page\ProdControllingDashboard.Page.al", "AL", 1227, 0, 0, 0, 0, 0, 0, 0, 41, 146, 1414
"c:\Users\jh\OneDrive - Scanpan\Scanpan (7.1.2015)\Development\SCANPAN Internal CodeBase - BC_TEST\src\page\ProdControllingItemMap.Page.al", "AL", 31, 0, 0, 0, 0, 0, 0, 0, 6, 14, 51
"c:\Users\jh\OneDrive - Scanpan\Scanpan (7.1.2015)\Development\SCANPAN Internal CodeBase - BC_TEST\src\page\ProdControllingPanPlan.Page.al", "AL", 304, 0, 0, 0, 0, 0, 0, 0, 272, 18, 594
"c:\Users\jh\OneDrive - Scanpan\Scanpan (7.1.2015)\Development\SCANPAN Internal CodeBase - BC_TEST\src\page\ProdControllingRecursiveBOM.Page.al", "AL", 467, 0, 0, 0, 0, 0, 0, 0, 20, 49, 536
"c:\Users\jh\OneDrive - Scanpan\Scanpan (7.1.2015)\Development\SCANPAN Internal CodeBase - BC_TEST\src\page\ProdControllingRoutingLine.Page.al", "AL", 339, 0, 0, 0, 0, 0, 0, 0, 23, 24, 386
"c:\Users\jh\OneDrive - Scanpan\Scanpan (7.1.2015)\Development\SCANPAN Internal CodeBase - BC_TEST\src\page\ProdDeleteBomComponents.Page.al", "AL", 39, 0, 0, 0, 0, 0, 0, 0, 0, 12, 51
"c:\Users\jh\OneDrive - Scanpan\Scanpan (7.1.2015)\Development\SCANPAN Internal CodeBase - BC_TEST\src\page\ProdLines.Page.al", "AL", 462, 0, 0, 0, 0, 0, 0, 0, 18, 59, 539
"c:\Users\jh\OneDrive - Scanpan\Scanpan (7.1.2015)\Development\SCANPAN Internal CodeBase - BC_TEST\src\page\ProductionControlling.Page.al", "AL", 440, 0, 0, 0, 0, 0, 0, 0, 24, 63, 527
"c:\Users\jh\OneDrive - Scanpan\Scanpan (7.1.2015)\Development\SCANPAN Internal CodeBase - BC_TEST\src\page\PurchLines.Page.al", "AL", 129, 0, 0, 0, 0, 0, 0, 0, 6, 5, 140
"c:\Users\jh\OneDrive - Scanpan\Scanpan (7.1.2015)\Development\SCANPAN Internal CodeBase - BC_TEST\src\page\SalesBackordersInterCompany.Page.al", "AL", 107, 0, 0, 0, 0, 0, 0, 0, 0, 13, 120
"c:\Users\jh\OneDrive - Scanpan\Scanpan (7.1.2015)\Development\SCANPAN Internal CodeBase - BC_TEST\src\page\SalesCommission.Page.al", "AL", 431, 0, 0, 0, 0, 0, 0, 0, 31, 46, 508
"c:\Users\jh\OneDrive - Scanpan\Scanpan (7.1.2015)\Development\SCANPAN Internal CodeBase - BC_TEST\src\page\SalesLine.Page.al", "AL", 289, 0, 0, 0, 0, 0, 0, 0, 14, 13, 316
"c:\Users\jh\OneDrive - Scanpan\Scanpan (7.1.2015)\Development\SCANPAN Internal CodeBase - BC_TEST\src\page\SalesLine1.Page.al", "AL", 116, 0, 0, 0, 0, 0, 0, 0, 13, 25, 154
"c:\Users\jh\OneDrive - Scanpan\Scanpan (7.1.2015)\Development\SCANPAN Internal CodeBase - BC_TEST\src\page\SalesLineSubform.Page.al", "AL", 218, 0, 0, 0, 0, 0, 0, 0, 10, 9, 237
"c:\Users\jh\OneDrive - Scanpan\Scanpan (7.1.2015)\Development\SCANPAN Internal CodeBase - BC_TEST\src\page\SalespricelistDetails.Page.al", "AL", 221, 0, 0, 0, 0, 0, 0, 0, 46, 20, 287
"c:\Users\jh\OneDrive - Scanpan\Scanpan (7.1.2015)\Development\SCANPAN Internal CodeBase - BC_TEST\src\page\SalespricelistDetailsSubPage.Page.al", "AL", 303, 0, 0, 0, 0, 0, 0, 0, 45, 63, 411
"c:\Users\jh\OneDrive - Scanpan\Scanpan (7.1.2015)\Development\SCANPAN Internal CodeBase - BC_TEST\src\page\ScanpanAPISetup.Page.al", "AL", 55, 0, 0, 0, 0, 0, 0, 0, 6, 12, 73
"c:\Users\jh\OneDrive - Scanpan\Scanpan (7.1.2015)\Development\SCANPAN Internal CodeBase - BC_TEST\src\page\ScanpanSetup.Page.al", "AL", 8, 0, 0, 0, 0, 0, 0, 0, 18, 6, 32
"c:\Users\jh\OneDrive - Scanpan\Scanpan (7.1.2015)\Development\SCANPAN Internal CodeBase - BC_TEST\src\page\SearchAndReplace.Page.al", "AL", 62, 0, 0, 0, 0, 0, 0, 0, 4, 15, 81
"c:\Users\jh\OneDrive - Scanpan\Scanpan (7.1.2015)\Development\SCANPAN Internal CodeBase - BC_TEST\src\page\ShipAgentDistribution.Page.al", "AL", 68, 0, 0, 0, 0, 0, 0, 0, 3, 5, 76
"c:\Users\jh\OneDrive - Scanpan\Scanpan (7.1.2015)\Development\SCANPAN Internal CodeBase - BC_TEST\src\page\ShipITdebug.Page.al", "AL", 0, 0, 0, 0, 0, 0, 0, 0, 152, 0, 152
"c:\Users\jh\OneDrive - Scanpan\Scanpan (7.1.2015)\Development\SCANPAN Internal CodeBase - BC_TEST\src\page\TestPage.Page.al", "AL", 24, 0, 0, 0, 0, 0, 0, 0, 6, 14, 44
"c:\Users\jh\OneDrive - Scanpan\Scanpan (7.1.2015)\Development\SCANPAN Internal CodeBase - BC_TEST\src\page\WMSPickBinBalance.Page.al", "AL", 80, 0, 0, 0, 0, 0, 0, 0, 10, 10, 100
"c:\Users\jh\OneDrive - Scanpan\Scanpan (7.1.2015)\Development\SCANPAN Internal CodeBase - BC_TEST\src\page\WebServiceOrderFormCustomer.Page.al", "AL", 45, 0, 0, 0, 0, 0, 0, 0, 20, 3, 68
"c:\Users\jh\OneDrive - Scanpan\Scanpan (7.1.2015)\Development\SCANPAN Internal CodeBase - BC_TEST\src\page\WebServiceOrderFormItems.Page.al", "AL", 187, 0, 0, 0, 0, 0, 0, 0, 45, 10, 242
"c:\Users\jh\OneDrive - Scanpan\Scanpan (7.1.2015)\Development\SCANPAN Internal CodeBase - BC_TEST\src\page\WebServiceSalesOrderLinesList.Page.al", "AL", 272, 0, 0, 0, 0, 0, 0, 0, 29, 21, 322
"c:\Users\jh\OneDrive - Scanpan\Scanpan (7.1.2015)\Development\SCANPAN Internal CodeBase - BC_TEST\src\page\WebServiceSalesPriceListSource.Page.al", "AL", 186, 0, 0, 0, 0, 0, 0, 0, 9, 14, 209
"c:\Users\jh\OneDrive - Scanpan\Scanpan (7.1.2015)\Development\SCANPAN Internal CodeBase - BC_TEST\src\query\AddressesCustomer.Query.al", "AL", 115, 0, 0, 0, 0, 0, 0, 0, 6, 7, 128
"c:\Users\jh\OneDrive - Scanpan\Scanpan (7.1.2015)\Development\SCANPAN Internal CodeBase - BC_TEST\src\query\AddressesVendor.Query.al", "AL", 21, 0, 0, 0, 0, 0, 0, 0, 6, 6, 33
"c:\Users\jh\OneDrive - Scanpan\Scanpan (7.1.2015)\Development\SCANPAN Internal CodeBase - BC_TEST\src\query\ProdRoutingLinesList.Query.al", "AL", 87, 0, 0, 0, 0, 0, 0, 0, 7, 8, 102
"c:\Users\jh\OneDrive - Scanpan\Scanpan (7.1.2015)\Development\SCANPAN Internal CodeBase - BC_TEST\src\query\QuerySalesCreditNote.Query.al", "AL", 80, 0, 0, 0, 0, 0, 0, 0, 6, 4, 90
"c:\Users\jh\OneDrive - Scanpan\Scanpan (7.1.2015)\Development\SCANPAN Internal CodeBase - BC_TEST\src\query\QuerySalesInvoice.Query.al", "AL", 84, 0, 0, 0, 0, 0, 0, 0, 6, 4, 94
"c:\Users\jh\OneDrive - Scanpan\Scanpan (7.1.2015)\Development\SCANPAN Internal CodeBase - BC_TEST\src\query\SalesOrderFormPriceList.Query.al", "AL", 48, 0, 0, 0, 0, 0, 0, 0, 14, 11, 73
"c:\Users\jh\OneDrive - Scanpan\Scanpan (7.1.2015)\Development\SCANPAN Internal CodeBase - BC_TEST\src\report ext\DetailedCalculationExt.ReportExt.al", "AL", 20, 0, 0, 0, 0, 0, 0, 0, 22, 11, 53
"c:\Users\jh\OneDrive - Scanpan\Scanpan (7.1.2015)\Development\SCANPAN Internal CodeBase - BC_TEST\src\report\Adresselabel.Report.al", "AL", 463, 0, 0, 0, 0, 0, 0, 0, 7, 62, 532
"c:\Users\jh\OneDrive - Scanpan\Scanpan (7.1.2015)\Development\SCANPAN Internal CodeBase - BC_TEST\src\report\CalculateInventory.Report.al", "AL", 849, 0, 0, 0, 0, 0, 0, 0, 1, 118, 968
"c:\Users\jh\OneDrive - Scanpan\Scanpan (7.1.2015)\Development\SCANPAN Internal CodeBase - BC_TEST\src\report\CalculatePlanReqWksh.Report.al", "AL", 296, 0, 0, 0, 0, 0, 0, 0, 4, 52, 352
"c:\Users\jh\OneDrive - Scanpan\Scanpan (7.1.2015)\Development\SCANPAN Internal CodeBase - BC_TEST\src\report\CustomsDeclaration.Report.al", "AL", 349, 0, 0, 0, 0, 0, 0, 0, 17, 49, 415
"c:\Users\jh\OneDrive - Scanpan\Scanpan (7.1.2015)\Development\SCANPAN Internal CodeBase - BC_TEST\src\report\DebitorAddress.Report.al", "AL", 102, 0, 0, 0, 0, 0, 0, 0, 5, 16, 123
"c:\Users\jh\OneDrive - Scanpan\Scanpan (7.1.2015)\Development\SCANPAN Internal CodeBase - BC_TEST\src\report\EmployeeSales.Report.al", "AL", 102, 0, 0, 0, 0, 0, 0, 0, 2, 14, 118
"c:\Users\jh\OneDrive - Scanpan\Scanpan (7.1.2015)\Development\SCANPAN Internal CodeBase - BC_TEST\src\report\FakturaVarekoder.Report.al", "AL", 295, 0, 0, 0, 0, 0, 0, 0, 25, 46, 366
"c:\Users\jh\OneDrive - Scanpan\Scanpan (7.1.2015)\Development\SCANPAN Internal CodeBase - BC_TEST\src\report\ForNAV50014.Report.al", "AL", 158, 0, 0, 0, 0, 0, 0, 0, 3, 28, 189
"c:\Users\jh\OneDrive - Scanpan\Scanpan (7.1.2015)\Development\SCANPAN Internal CodeBase - BC_TEST\src\report\Hyldelabel.Report.al", "AL", 92, 0, 0, 0, 0, 0, 0, 0, 5, 11, 108
"c:\Users\jh\OneDrive - Scanpan\Scanpan (7.1.2015)\Development\SCANPAN Internal CodeBase - BC_TEST\src\report\Licenseplate.Report.al", "AL", 154, 0, 0, 0, 0, 0, 0, 0, 8, 26, 188
"c:\Users\jh\OneDrive - Scanpan\Scanpan (7.1.2015)\Development\SCANPAN Internal CodeBase - BC_TEST\src\report\Ordrebeholdning.Report.al", "AL", 176, 0, 0, 0, 0, 0, 0, 0, 12, 26, 214
"c:\Users\jh\OneDrive - Scanpan\Scanpan (7.1.2015)\Development\SCANPAN Internal CodeBase - BC_TEST\src\report\PallelisteEksport.Report.al", "AL", 0, 0, 0, 0, 0, 0, 0, 0, 225, 0, 225
"c:\Users\jh\OneDrive - Scanpan\Scanpan (7.1.2015)\Development\SCANPAN Internal CodeBase - BC_TEST\src\report\PalletShipmentReport.Report.al", "AL", 201, 0, 0, 0, 0, 0, 0, 0, 23, 33, 257
"c:\Users\jh\OneDrive - Scanpan\Scanpan (7.1.2015)\Development\SCANPAN Internal CodeBase - BC_TEST\src\report\ProductionControllingPriority.Report.al", "AL", 102, 0, 0, 0, 0, 0, 0, 0, 2, 17, 121
"c:\Users\jh\OneDrive - Scanpan\Scanpan (7.1.2015)\Development\SCANPAN Internal CodeBase - BC_TEST\src\report\Salgsprisliste.Report.al", "AL", 538, 0, 0, 0, 0, 0, 0, 0, 45, 93, 676
"c:\Users\jh\OneDrive - Scanpan\Scanpan (7.1.2015)\Development\SCANPAN Internal CodeBase - BC_TEST\src\report\ScanpanPallelabel.Report.al", "AL", 387, 0, 0, 0, 0, 0, 0, 0, 37, 55, 479
"c:\Users\jh\OneDrive - Scanpan\Scanpan (7.1.2015)\Development\SCANPAN Internal CodeBase - BC_TEST\src\report\UpdateXTESCSSTrackAndTrace.Report.al", "AL", 51, 0, 0, 0, 0, 0, 0, 0, 8, 17, 76
"c:\Users\jh\OneDrive - Scanpan\Scanpan (7.1.2015)\Development\SCANPAN Internal CodeBase - BC_TEST\src\report\Vareenhedsliste.Report.al", "AL", 179, 0, 0, 0, 0, 0, 0, 0, 19, 16, 214
"c:\Users\jh\OneDrive - Scanpan\Scanpan (7.1.2015)\Development\SCANPAN Internal CodeBase - BC_TEST\src\report\Varelabel.Report.al", "AL", 256, 0, 0, 0, 0, 0, 0, 0, 5, 33, 294
"c:\Users\jh\OneDrive - Scanpan\Scanpan (7.1.2015)\Development\SCANPAN Internal CodeBase - BC_TEST\src\table ext\BinContentTableSC.TableExt.al", "AL", 24, 0, 0, 0, 0, 0, 0, 0, 9, 4, 37
"c:\Users\jh\OneDrive - Scanpan\Scanpan (7.1.2015)\Development\SCANPAN Internal CodeBase - BC_TEST\src\table ext\CDOEMailRecipient.TableExt.al", "AL", 27, 0, 0, 0, 0, 0, 0, 0, 0, 6, 33
"c:\Users\jh\OneDrive - Scanpan\Scanpan (7.1.2015)\Development\SCANPAN Internal CodeBase - BC_TEST\src\table ext\CapacityLedgerEntry.TableExt.al", "AL", 18, 0, 0, 0, 0, 0, 0, 0, 6, 3, 27
"c:\Users\jh\OneDrive - Scanpan\Scanpan (7.1.2015)\Development\SCANPAN Internal CodeBase - BC_TEST\src\table ext\CountryRegion.TableExt.al", "AL", 31, 0, 0, 0, 0, 0, 0, 0, 4, 4, 39
"c:\Users\jh\OneDrive - Scanpan\Scanpan (7.1.2015)\Development\SCANPAN Internal CodeBase - BC_TEST\src\table ext\Customers.TableExt.al", "AL", 45, 0, 0, 0, 0, 0, 0, 0, 11, 6, 62
"c:\Users\jh\OneDrive - Scanpan\Scanpan (7.1.2015)\Development\SCANPAN Internal CodeBase - BC_TEST\src\table ext\DefaultDimension.TableExt.al", "AL", 17, 0, 0, 0, 0, 0, 0, 0, 3, 8, 28
"c:\Users\jh\OneDrive - Scanpan\Scanpan (7.1.2015)\Development\SCANPAN Internal CodeBase - BC_TEST\src\table ext\IDYSTransportOrderLine.TableExt.al", "AL", 0, 0, 0, 0, 0, 0, 0, 0, 39, 3, 42
"c:\Users\jh\OneDrive - Scanpan\Scanpan (7.1.2015)\Development\SCANPAN Internal CodeBase - BC_TEST\src\table ext\InventorySetup.TableExt.al", "AL", 22, 0, 0, 0, 0, 0, 0, 0, 12, 7, 41
"c:\Users\jh\OneDrive - Scanpan\Scanpan (7.1.2015)\Development\SCANPAN Internal CodeBase - BC_TEST\src\table ext\ItemExt.TableExt.al", "AL", 58, 0, 0, 0, 0, 0, 0, 0, 14, 3, 75
"c:\Users\jh\OneDrive - Scanpan\Scanpan (7.1.2015)\Development\SCANPAN Internal CodeBase - BC_TEST\src\table ext\ItemLedgerEntry.TableExt.al", "AL", 11, 0, 0, 0, 0, 0, 0, 0, 9, 0, 20
"c:\Users\jh\OneDrive - Scanpan\Scanpan (7.1.2015)\Development\SCANPAN Internal CodeBase - BC_TEST\src\table ext\ItemUnitofMeasureExtSC.TableExt.al", "AL", 3, 0, 0, 0, 0, 0, 0, 0, 3, 1, 7
"c:\Users\jh\OneDrive - Scanpan\Scanpan (7.1.2015)\Development\SCANPAN Internal CodeBase - BC_TEST\src\table ext\PostedWhseShipmentHeader.TableExt.al", "AL", 11, 0, 0, 0, 0, 0, 0, 0, 8, 8, 27
"c:\Users\jh\OneDrive - Scanpan\Scanpan (7.1.2015)\Development\SCANPAN Internal CodeBase - BC_TEST\src\table ext\PostedWhseShipmentLine.TableExt.al", "AL", 18, 0, 0, 0, 0, 0, 0, 0, 6, 0, 24
"c:\Users\jh\OneDrive - Scanpan\Scanpan (7.1.2015)\Development\SCANPAN Internal CodeBase - BC_TEST\src\table ext\ProdOrderLine.TableExt.al", "AL", 36, 0, 0, 0, 0, 0, 0, 0, 7, 1, 44
"c:\Users\jh\OneDrive - Scanpan\Scanpan (7.1.2015)\Development\SCANPAN Internal CodeBase - BC_TEST\src\table ext\ProdOrderRoutingLine.TableExt.al", "AL", 16, 0, 0, 0, 0, 0, 0, 0, 14, 9, 39
"c:\Users\jh\OneDrive - Scanpan\Scanpan (7.1.2015)\Development\SCANPAN Internal CodeBase - BC_TEST\src\table ext\ProductionOrder.TableExt.al", "AL", 40, 0, 0, 0, 0, 0, 0, 0, 10, 4, 54
"c:\Users\jh\OneDrive - Scanpan\Scanpan (7.1.2015)\Development\SCANPAN Internal CodeBase - BC_TEST\src\table ext\PurchInvHeader.TableExt.al", "AL", 15, 0, 0, 0, 0, 0, 0, 0, 6, 6, 27
"c:\Users\jh\OneDrive - Scanpan\Scanpan (7.1.2015)\Development\SCANPAN Internal CodeBase - BC_TEST\src\table ext\PurchInvLine.TableExt.al", "AL", 11, 0, 0, 0, 0, 0, 0, 0, 9, 6, 26
"c:\Users\jh\OneDrive - Scanpan\Scanpan (7.1.2015)\Development\SCANPAN Internal CodeBase - BC_TEST\src\table ext\PurchaseHeader.TableExt.al", "AL", 19, 0, 0, 0, 0, 0, 0, 0, 6, 9, 34
"c:\Users\jh\OneDrive - Scanpan\Scanpan (7.1.2015)\Development\SCANPAN Internal CodeBase - BC_TEST\src\table ext\RoutingLine.TableExt.al", "AL", 10, 0, 0, 0, 0, 0, 0, 0, 6, 0, 16
"c:\Users\jh\OneDrive - Scanpan\Scanpan (7.1.2015)\Development\SCANPAN Internal CodeBase - BC_TEST\src\table ext\SCANPANSetupExt.TableExt.al", "AL", 14, 0, 0, 0, 0, 0, 0, 0, 7, 3, 24
"c:\Users\jh\OneDrive - Scanpan\Scanpan (7.1.2015)\Development\SCANPAN Internal CodeBase - BC_TEST\src\table ext\SalesHeaderSC.TableExt.al", "AL", 14, 0, 0, 0, 0, 0, 0, 0, 9, 0, 23
"c:\Users\jh\OneDrive - Scanpan\Scanpan (7.1.2015)\Development\SCANPAN Internal CodeBase - BC_TEST\src\table ext\SalesInvHeader.TableExt.al", "AL", 15, 0, 0, 0, 0, 0, 0, 0, 7, 5, 27
"c:\Users\jh\OneDrive - Scanpan\Scanpan (7.1.2015)\Development\SCANPAN Internal CodeBase - BC_TEST\src\table ext\SalesInvoiceLine.TableExt.al", "AL", 13, 0, 0, 0, 0, 0, 0, 0, 6, 2, 21
"c:\Users\jh\OneDrive - Scanpan\Scanpan (7.1.2015)\Development\SCANPAN Internal CodeBase - BC_TEST\src\table ext\SalesLine.TableExt.al", "AL", 71, 0, 0, 0, 0, 0, 0, 0, 16, 4, 91
"c:\Users\jh\OneDrive - Scanpan\Scanpan (7.1.2015)\Development\SCANPAN Internal CodeBase - BC_TEST\src\table ext\SalesShipmentHeader.TableExt.al", "AL", 18, 0, 0, 0, 0, 0, 0, 0, 10, 3, 31
"c:\Users\jh\OneDrive - Scanpan\Scanpan (7.1.2015)\Development\SCANPAN Internal CodeBase - BC_TEST\src\table ext\SalesShipmentLine.TableExt.al", "AL", 60, 0, 0, 0, 0, 0, 0, 0, 14, 5, 79
"c:\Users\jh\OneDrive - Scanpan\Scanpan (7.1.2015)\Development\SCANPAN Internal CodeBase - BC_TEST\src\table ext\TariffNumber.TableExt.al", "AL", 11, 0, 0, 0, 0, 0, 0, 0, 6, 6, 23
"c:\Users\jh\OneDrive - Scanpan\Scanpan (7.1.2015)\Development\SCANPAN Internal CodeBase - BC_TEST\src\table ext\UserSetup.TableExt.al", "AL", 10, 0, 0, 0, 0, 0, 0, 0, 8, 5, 23
"c:\Users\jh\OneDrive - Scanpan\Scanpan (7.1.2015)\Development\SCANPAN Internal CodeBase - BC_TEST\src\table ext\ValueEntry.TableExt.al", "AL", 11, 0, 0, 0, 0, 0, 0, 0, 8, 0, 19
"c:\Users\jh\OneDrive - Scanpan\Scanpan (7.1.2015)\Development\SCANPAN Internal CodeBase - BC_TEST\src\table ext\WarehouseEmployee.TableExt.al", "AL", 10, 0, 0, 0, 0, 0, 0, 0, 6, 6, 22
"c:\Users\jh\OneDrive - Scanpan\Scanpan (7.1.2015)\Development\SCANPAN Internal CodeBase - BC_TEST\src\table ext\WarehouseShipmentHeader.TableExt.al", "AL", 32, 0, 0, 0, 0, 0, 0, 0, 9, 5, 46
"c:\Users\jh\OneDrive - Scanpan\Scanpan (7.1.2015)\Development\SCANPAN Internal CodeBase - BC_TEST\src\table\AddressList.Table.al", "AL", 87, 0, 0, 0, 0, 0, 0, 0, 6, 9, 102
"c:\Users\jh\OneDrive - Scanpan\Scanpan (7.1.2015)\Development\SCANPAN Internal CodeBase - BC_TEST\src\table\BarCodesTmpSC.Table.al", "AL", 17, 0, 0, 0, 0, 0, 0, 0, 9, 5, 31
"c:\Users\jh\OneDrive - Scanpan\Scanpan (7.1.2015)\Development\SCANPAN Internal CodeBase - BC_TEST\src\table\CampaignStatistics.Table.al", "AL", 143, 0, 0, 0, 0, 0, 0, 0, 13, 7, 163
"c:\Users\jh\OneDrive - Scanpan\Scanpan (7.1.2015)\Development\SCANPAN Internal CodeBase - BC_TEST\src\table\DocumentLines.Table.al", "AL", 121, 0, 0, 0, 0, 0, 0, 0, 6, 2, 129
"c:\Users\jh\OneDrive - Scanpan\Scanpan (7.1.2015)\Development\SCANPAN Internal CodeBase - BC_TEST\src\table\ExtSalesLines.Table.al", "AL", 103, 0, 0, 0, 0, 0, 0, 0, 0, 11, 114
"c:\Users\jh\OneDrive - Scanpan\Scanpan (7.1.2015)\Development\SCANPAN Internal CodeBase - BC_TEST\src\table\FieldSelectionTable.Table.al", "AL", 29, 0, 0, 0, 0, 0, 0, 0, 3, 7, 39
"c:\Users\jh\OneDrive - Scanpan\Scanpan (7.1.2015)\Development\SCANPAN Internal CodeBase - BC_TEST\src\table\IICTrackingTmpSC.Table.al", "AL", 58, 0, 0, 0, 0, 0, 0, 0, 10, 7, 75
"c:\Users\jh\OneDrive - Scanpan\Scanpan (7.1.2015)\Development\SCANPAN Internal CodeBase - BC_TEST\src\table\InventoryJournalStatus.Table.al", "AL", 61, 0, 0, 0, 0, 0, 0, 0, 24, 14, 99
"c:\Users\jh\OneDrive - Scanpan\Scanpan (7.1.2015)\Development\SCANPAN Internal CodeBase - BC_TEST\src\table\InventoryMapShelfSC.Table.al", "AL", 25, 0, 0, 0, 0, 0, 0, 0, 10, 9, 44
"c:\Users\jh\OneDrive - Scanpan\Scanpan (7.1.2015)\Development\SCANPAN Internal CodeBase - BC_TEST\src\table\InventoryRessourceID.Table.al", "AL", 21, 0, 0, 0, 0, 0, 0, 0, 9, 8, 38
"c:\Users\jh\OneDrive - Scanpan\Scanpan (7.1.2015)\Development\SCANPAN Internal CodeBase - BC_TEST\src\table\MandatoryFieldSetup.Table.al", "AL", 120, 0, 0, 0, 0, 0, 0, 0, 24, 14, 158
"c:\Users\jh\OneDrive - Scanpan\Scanpan (7.1.2015)\Development\SCANPAN Internal CodeBase - BC_TEST\src\table\MandatoryFieldSetup2.Table.al", "AL", 166, 0, 0, 0, 0, 0, 0, 0, 44, 21, 231
"c:\Users\jh\OneDrive - Scanpan\Scanpan (7.1.2015)\Development\SCANPAN Internal CodeBase - BC_TEST\src\table\MapCustomerSalesPerson.Table.al", "AL", 32, 0, 0, 0, 0, 0, 0, 0, 10, 5, 47
"c:\Users\jh\OneDrive - Scanpan\Scanpan (7.1.2015)\Development\SCANPAN Internal CodeBase - BC_TEST\src\table\PriceListSourceData.Table.al", "AL", 0, 0, 0, 0, 0, 0, 0, 0, 35, 4, 39
"c:\Users\jh\OneDrive - Scanpan\Scanpan (7.1.2015)\Development\SCANPAN Internal CodeBase - BC_TEST\src\table\ProdContllingRoutingLinesTMP.Table.al", "AL", 156, 0, 0, 0, 0, 0, 0, 0, 9, 4, 169
"c:\Users\jh\OneDrive - Scanpan\Scanpan (7.1.2015)\Development\SCANPAN Internal CodeBase - BC_TEST\src\table\ProdControllingItemMap.Table.al", "AL", 25, 0, 0, 0, 0, 0, 0, 0, 6, 9, 40
"c:\Users\jh\OneDrive - Scanpan\Scanpan (7.1.2015)\Development\SCANPAN Internal CodeBase - BC_TEST\src\table\ProdControllingLinesTMP.Table.al", "AL", 135, 0, 0, 0, 0, 0, 0, 0, 9, 3, 147
"c:\Users\jh\OneDrive - Scanpan\Scanpan (7.1.2015)\Development\SCANPAN Internal CodeBase - BC_TEST\src\table\ProdControllingPanPlan.Table.al", "AL", 120, 0, 0, 0, 0, 0, 0, 0, 16, 4, 140
"c:\Users\jh\OneDrive - Scanpan\Scanpan (7.1.2015)\Development\SCANPAN Internal CodeBase - BC_TEST\src\table\ProdControllingRoutes.Table.al", "AL", 124, 0, 0, 0, 0, 0, 0, 0, 9, 8, 141
"c:\Users\jh\OneDrive - Scanpan\Scanpan (7.1.2015)\Development\SCANPAN Internal CodeBase - BC_TEST\src\table\RecursiveBOMtemp.Table.al", "AL", 201, 0, 0, 0, 0, 0, 0, 0, 17, 19, 237
"c:\Users\jh\OneDrive - Scanpan\Scanpan (7.1.2015)\Development\SCANPAN Internal CodeBase - BC_TEST\src\table\SalesComparisonData.Table.al", "AL", 112, 0, 0, 0, 0, 0, 0, 0, 11, 4, 127
"c:\Users\jh\OneDrive - Scanpan\Scanpan (7.1.2015)\Development\SCANPAN Internal CodeBase - BC_TEST\src\table\SalesLineTMP.Table.al", "AL", 154, 0, 0, 0, 0, 0, 0, 0, 13, 7, 174
"c:\Users\jh\OneDrive - Scanpan\Scanpan (7.1.2015)\Development\SCANPAN Internal CodeBase - BC_TEST\src\table\SalesOrderLineTemp.Table.al", "AL", 41, 0, 0, 0, 0, 0, 0, 0, 5, 5, 51
"c:\Users\jh\OneDrive - Scanpan\Scanpan (7.1.2015)\Development\SCANPAN Internal CodeBase - BC_TEST\src\table\SalespriceListTMP.Table.al", "AL", 150, 0, 0, 0, 0, 0, 0, 0, 0, 8, 158
"c:\Users\jh\OneDrive - Scanpan\Scanpan (7.1.2015)\Development\SCANPAN Internal CodeBase - BC_TEST\src\table\ScanpanAPISetup.Table.al", "AL", 44, 0, 0, 0, 0, 0, 0, 0, 6, 11, 61
"c:\Users\jh\OneDrive - Scanpan\Scanpan (7.1.2015)\Development\SCANPAN Internal CodeBase - BC_TEST\src\table\ShippingAgentDistribution.Table.al", "AL", 69, 0, 0, 0, 0, 0, 0, 0, 10, 11, 90
"c:\Users\jh\OneDrive - Scanpan\Scanpan (7.1.2015)\Development\SCANPAN Internal CodeBase - BC_TEST\src\table\UserSettingsPage.Table.al", "AL", 106, 0, 0, 0, 0, 0, 0, 0, 7, 23, 136
"c:\Users\jh\OneDrive - Scanpan\Scanpan (7.1.2015)\Development\SCANPAN Internal CodeBase - BC_TEST\src\table\VATEntriesBaseAmtSum.Table.al", "AL", 70, 0, 0, 0, 0, 0, 0, 0, 5, 7, 82
"c:\Users\jh\OneDrive - Scanpan\Scanpan (7.1.2015)\Development\SCANPAN Internal CodeBase - BC_TEST\src\table\WMSPickBinBalanceTMP.Table.al", "AL", 51, 0, 0, 0, 0, 0, 0, 0, 9, 4, 64
"c:\Users\jh\OneDrive - Scanpan\Scanpan (7.1.2015)\Development\SCANPAN Internal CodeBase - BC_TEST\translations\SCANPAN CODEBASE Internal Development.da-DK.xlf", "XML", 0, 0, 0, 0, 0, 0, 15764, 0, 0, 0, 15764
"c:\Users\jh\OneDrive - Scanpan\Scanpan (7.1.2015)\Development\SCANPAN Internal CodeBase - BC_TEST\translations\SCANPAN CODEBASE Internal Development.en-GB.xlf", "XML", 0, 0, 0, 0, 0, 0, 15703, 0, 0, 0, 15703
"c:\Users\jh\OneDrive - Scanpan\Scanpan (7.1.2015)\Development\SCANPAN Internal CodeBase - BC_TEST\translations\SCANPAN CODEBASE Internal Development.g.xlf", "XML", 0, 0, 0, 0, 0, 0, 13229, 0, 0, 0, 13229
"Total", "-", 26508, 329, 8, 142, 1, 40782, 44696, 11, 5331, 4279, 122087